Position,Company,Location,URL
Senior Android Engineer UI,Brave,Worldwide,https://remoteok.com/remote-jobs/remote-senior-android-engineer-ui-brave-128366
Senior Android Developer,RDX Works,🌏 Worldwide,https://remoteok.com/remote-jobs/remote-senior-android-developer-rdx-works-127588
Quality Assurance Engineer,Orderly,Worldwide,https://remoteok.com/remote-jobs/remote-quality-assurance-engineer-orderly-127359
Anti Fraud Engineer,Brave,Worldwide,https://remoteok.com/remote-jobs/remote-anti-fraud-engineer-brave-125777
Senior Software Engineer Platform Engineering,Recur,Worldwide,https://remoteok.com/remote-jobs/remote-senior-software-engineer-platform-engineering-recur-125806
Senior Research Software Engineer,Riverside Research,🇺🇸 United States,https://remoteok.com/remote-jobs/remote-senior-research-software-engineer-riverside-research-124645
Senior Back End Developer,Commit,🇨🇦 Canada,https://remoteok.com/remote-jobs/remote-senior-back-end-developer-commit-124104
Salesforce Developer,PagerDuty,🇺🇸 United States,https://remoteok.com/remote-jobs/remote-salesforce-developer-pagerduty-122908
Senior Backend Software Engineer,BrightInsight,🇺🇸 United States,https://remoteok.com/remote-jobs/remote-senior-backend-software-engineer-brightinsight-122907
Senior Revenue Analyst,Degreed,🌏 Probably worldwide,https://remoteok.com/remote-jobs/remote-senior-revenue-analyst-degreed-122906
Coordinator II Care,Thirty Madison,🇺🇸 United States,https://remoteok.com/remote-jobs/remote-coordinator-ii-care-thirty-madison-122905
Vice President Corporate Marketing,ExtraHop,🇺🇸 United States,https://remoteok.com/remote-jobs/remote-vice-president-corporate-marketing-extrahop-122904
Executive Assistant,hims & hers,🇺🇸 United States,https://remoteok.com/remote-jobs/remote-executive-assistant-hims-hers-122903
Senior Manager Community Marketing,Sprinklr,🇺🇸 United States,https://remoteok.com/remote-jobs/remote-senior-manager-community-marketing-sprinklr-122902
Senior Staff Principal Machine Learning Engineer,Sift,🇺🇸 United States,https://remoteok.com/remote-jobs/remote-senior-staff-principal-machine-learning-engineer-sift-122901
Professional Services Consultant,PagerDuty,🇨🇱 Chile,https://remoteok.com/remote-jobs/remote-professional-services-consultant-pagerduty-122374
Contracts Manager Legal,Constant Contact,🇺🇸 United States,https://remoteok.com/remote-jobs/remote-contracts-manager-legal-constant-contact-122373
Senior QA Engineer,BrightInsight,🇮🇳 India,https://remoteok.com/remote-jobs/remote-senior-qa-engineer-brightinsight-122372
Operations Strategy Analyst,Monzo,🇺🇸 United States,https://remoteok.com/remote-jobs/remote-operations-strategy-analyst-monzo-122371
Software Engineer i Full Stack,Constant Contact,🇺🇸 United States,https://remoteok.com/remote-jobs/remote-software-engineer-i-full-stack-constant-contact-122370
Java Developer,RemoteMore,Americas Only/Europe Only/EMEA Only/Africa Only,https://weworkremotely.com/remote-jobs/remotemore-java-developer-3
Node + React Developer - Javascript Fullstack,Clevertech,Anywhere in the World,https://weworkremotely.com/remote-jobs/clevertech-node-react-developer-javascript-fullstack
Full stack Javascript Developer (React.js + Node.js),UpStack Technologies  Inc.,Latin America Only/Europe Only,https://weworkremotely.com/remote-jobs/upstack-technologies-inc-full-stack-javascript-developer-react-js-node-js
Senior Fullstack Javascript Engineer,Filestage,Europe Only,https://weworkremotely.com/remote-jobs/filestage-senior-fullstack-javascript-engineer-1
Senior Javascript Developer,Kratzen Partners,Anywhere in the World,https://weworkremotely.com/remote-jobs/kratzen-partners-senior-javascript-developer-1
Backend Javascript / Node.js Developer - Remote/SaaS (m/f/d),SocialHub,Anywhere in the World,https://weworkremotely.com/remote-jobs/socialhub-backend-javascript-node-js-developer-remote-saas-m-f-d-2
Senior Java Developers – Cyprus or Remote,XM,Anywhere in the World,https://weworkremotely.com/remote-jobs/xm-senior-java-developers-cyprus-or-remote
Java Software Engineer  III,Cofense,USA Only,https://weworkremotely.com/remote-jobs/cofense-java-software-engineer-iii
Senior Javascript Engineer - React ,Clevertech,Anywhere in the World,https://weworkremotely.com/remote-jobs/clevertech-senior-javascript-engineer-react-7
FTP and SFTP Server Developer (Java),Files.com,USA Only,https://weworkremotely.com/remote-jobs/files-com-ftp-and-sftp-server-developer-java
Senior Javascript Developer,Kratzen Partners,Anywhere in the World,https://weworkremotely.com/remote-jobs/kratzen-partners-senior-javascript-developer
Senior JavaScript Developer,Kinsta,Europe Only/Africa Only,https://weworkremotely.com/remote-jobs/kinsta-senior-javascript-developer
